{"Logistic Regression": {"Accuracy": 85.37, "Precision": 85.37, "Recall": 85.37, "F1 Score": 85.37}, "Decision Tree": {"Accuracy": 46.89, "Precision": 46.89, "Recall": 46.89, "F1 Score": 46.89}, "Random Forest": {"Accuracy": 92.32000000000001, "Precision": 92.32000000000001, "Recall": 92.32000000000001, "F1 Score": 92.32000000000001}, "Naive Bayes": {"Accuracy": 87.78, "Precision": 87.78, "Recall": 87.78, "F1 Score": 87.78}, "KNN": {"Accuracy": 65.84, "Precision": 65.84, "Recall": 65.84, "F1 Score": 65.84}, "Linear SVM": {"Accuracy": 65.84, "Precision": 65.84, "Recall": 65.84, "F1 Score": 65.84}, "Kernel SVM": {"Accuracy": 74.83999999999999, "Precision": 74.83999999999999, "Recall": 74.83999999999999, "F1 Score": 74.83999999999999}, "SGD": {"Accuracy": 86.61, "Precision": 86.61, "Recall": 86.61, "F1 Score": 86.61}}