{"Logistic Regression": {"Accuracy": 90.05, "Precision": 90.05, "Recall": 90.05, "F1 Score": 90.05}, "Decision Tree": {"Accuracy": 47.11, "Precision": 47.11, "Recall": 47.11, "F1 Score": 47.11}, "Random Forest": {"Accuracy": 91.0, "Precision": 91.0, "Recall": 91.0, "F1 Score": 91.0}, "Naive Bayes": {"Accuracy": 92.25, "Precision": 92.25, "Recall": 92.25, "F1 Score": 92.25}, "KNN": {"Accuracy": 67.08, "Precision": 67.08, "Recall": 67.08, "F1 Score": 67.08}, "Linear SVM": {"Accuracy": 57.28, "Precision": 57.28, "Recall": 57.28, "F1 Score": 57.28}, "Kernel SVM": {"Accuracy": 69.19999999999999, "Precision": 69.19999999999999, "Recall": 69.19999999999999, "F1 Score": 69.19999999999999}, "SGD": {"Accuracy": 90.86, "Precision": 90.86, "Recall": 90.86, "F1 Score": 90.86}}