{"Logistic Regression": {"Accuracy": 90.34, "Precision": 90.34, "Recall": 90.34, "F1 Score": 90.34}, "Decision Tree": {"Accuracy": 47.18, "Precision": 47.18, "Recall": 47.18, "F1 Score": 47.18}, "Random Forest": {"Accuracy": 90.86, "Precision": 90.86, "Recall": 90.86, "F1 Score": 90.86}, "Naive Bayes": {"Accuracy": 92.67999999999999, "Precision": 92.67999999999999, "Recall": 92.67999999999999, "F1 Score": 92.67999999999999}, "KNN": {"Accuracy": 67.45, "Precision": 67.45, "Recall": 67.45, "F1 Score": 67.45}, "Linear SVM": {"Accuracy": 55.16, "Precision": 55.16, "Recall": 55.16, "F1 Score": 55.16}, "Kernel SVM": {"Accuracy": 64.16, "Precision": 64.16, "Recall": 64.16, "F1 Score": 64.16}, "SGD": {"Accuracy": 91.66, "Precision": 91.66, "Recall": 91.66, "F1 Score": 91.66}}